{
	"bots": [
		[
			0.643798639159319,
			0.970978704636131,
			0.812645876729836,
			0.546761210761484,
			0.00755448430429276,
			0.648489921525733,
			0.630641160443629,
			0.110067830290033,
			0.0288284354022031,
			0.954682598043758,
			0.780562315349746,
			0.858503871336155,
			0
		],
		[
			0.292427543696926,
			0.270709862307506,
			0.153347067399814,
			0.206877367020815,
			0.764940504032846,
			0.648291720225635,
			0.876732333969974,
			0.657096542096407,
			0.645895158195924,
			0.755618245163389,
			0.195690506447487,
			0.305561126514989,
			1
		],
		[
			0.292427543696926,
			0.270709862307506,
			0.153347067399814,
			0.206877367020815,
			0.764940504032846,
			0.648291720225635,
			0.876732333969974,
			0.657096542096407,
			0.645895158195924,
			0.755618245163389,
			0.195690506447487,
			0.305561126514989,
			1
		],
		[
			0.292427543696926,
			0.270709862307506,
			0.153347067399814,
			0.206877367020815,
			0.764940504032846,
			0.648291720225635,
			0.876732333969974,
			0.657096542096407,
			0.645895158195924,
			0.755618245163389,
			0.195690506447487,
			0.305561126514989,
			2
		],
		[
			0.292427543696926,
			0.270709862307506,
			0.153347067399814,
			0.278759686355299,
			0.764940504032846,
			0.648291720225635,
			0.876732333969974,
			0.657096542096407,
			0.645895158195924,
			0.755618245163389,
			0.195690506447487,
			0.305561126514989,
			3
		],
		[
			0.292427543696926,
			0.270709862307506,
			0.153347067399814,
			0.206877367020815,
			0.764940504032846,
			0.648291720225635,
			0.876732333969974,
			0.657096542096407,
			0.645895158195924,
			0.755618245163389,
			0.195690506447487,
			0.305561126514989,
			3
		]
	],
	"generation": 420,
	"winner_dna": [
		0.292427543696926,
		0.270709862307506,
		0.153347067399814,
		0.206877367020815,
		0.764940504032846,
		0.648291720225635,
		0.876732333969974,
		0.657096542096407,
		0.645895158195924,
		0.755618245163389,
		0.195690506447487,
		0.305561126514989,
		3.0
	]
}